participant,alpha,loglog_r,n_points,mean_null,std_null,z_score,p_value,pnr,Proband,Gruppe2
0170_3_chunk_001_word_embeddings,0.827497133,0.988417177,107,0.600023108,0.080684173,2.819314089,0.00481264,0.99,0170_3,4.0
0423_3_chunk_003_word_embeddings,0.65245002,0.97435978,130,0.580778695,0.072064312,0.994546715,0.319956774,0.834,0423_3,2.0
0580_3_chunk_004_word_embeddings,0.601708704,0.988981527,282,0.551806562,0.050433189,0.989470281,0.322433103,0.844,0580_3,2.0
0530_3_chunk_004_word_embeddings,0.624325396,0.986692603,186,0.570835052,0.062834908,0.851283869,0.394611683,0.808,0530_3,4.0
0361_3_chunk_004_word_embeddings,0.605604741,0.991825799,404,0.558378503,0.042159424,1.120182248,0.262636107,0.862,0361_3,2.0
1436_1_chunk_003_word_embeddings,0.510927023,0.966717084,179,0.560390339,0.061367024,-0.806024358,0.420228804,0.224,1436_1,4.0
0573_3_chunk_002_word_embeddings,0.777802054,0.990931326,196,0.560451796,0.059692928,3.641139169,0.000271434,1.0,0573_3,2.0
1402_1_chunk_002_word_embeddings,0.607431386,0.981539212,319,0.557786474,0.046663515,1.063891395,0.287377902,0.844,1402_1,1.0
0816_3_chunk_001_word_embeddings,0.62946543,0.99496448,462,0.538504468,0.039991328,2.274517171,0.02293491,0.984,0816_3,1.0
0068_3_chunk_004_word_embeddings,0.642319236,0.974107707,128,0.587127981,0.07282664,0.757844308,0.448544194,0.788,0068_3,4.0
0573_3_chunk_001_word_embeddings,0.633560628,0.989328311,162,0.57426878,0.064726222,0.916040609,0.359645596,0.818,0573_3,2.0
0079_3_chunk_001_word_embeddings,0.533361101,0.972284295,148,0.573280465,0.06527818,-0.611526926,0.540850798,0.26,0079_3,4.0
1254_2_chunk_001_word_embeddings,0.683919755,0.978639843,136,0.572096052,0.07256725,1.540966541,0.123324929,0.932,1254_2,4.0
0815_2_chunk_001_word_embeddings,0.645271336,0.974674329,123,0.59151485,0.073824017,0.728170688,0.466509107,0.776,0815_2,2.0
0139_3_chunk_004_word_embeddings,0.52045158,0.959424848,184,0.569943732,0.057018555,-0.868000797,0.385393896,0.206,0139_3,2.0
1441_1_chunk_003_word_embeddings,0.571300842,0.987399114,381,0.546105238,0.043763722,0.57571896,0.564805158,0.72,1441_1,4.0
0069_3_chunk_001_word_embeddings,0.654673948,0.989328632,251,0.563022639,0.05407018,1.695043544,0.090067161,0.952,0069_3,1.0
0250_3_chunk_001_word_embeddings,0.582179051,0.986091183,381,0.541534091,0.043531267,0.933695791,0.350460837,0.828,0250_3,1.0
0257_3_chunk_002_word_embeddings,0.650517586,0.990677449,251,0.551985334,0.054923274,1.79399817,0.072813461,0.966,0257_3,4.0
1457-1_chunk_001_word_embeddings,0.527640085,0.987611659,373,0.542352727,0.045015765,-0.326833099,0.743794124,0.378,,
1190_2_chunk_001_word_embeddings,0.703325594,0.987670507,204,0.564238368,0.059025089,2.356408561,0.01845261,0.99,1190_2,4.0
1442_1_chunk_003_word_embeddings,0.484608294,0.977698062,262,0.549506298,0.054113666,-1.19929046,0.230415023,0.114,1442_1,4.0
0611_3_chunk_004_word_embeddings,0.63234518,0.993805141,223,0.558646612,0.057169198,1.289130708,0.197352649,0.894,0611_3,2.0
1437_1_chunk_002_word_embeddings,0.573867315,0.967995589,119,0.57834203,0.07591848,-0.05894106,0.952999054,0.492,1437_1,4.0
0591_3_chunk_001_word_embeddings,0.589615931,0.984631993,140,0.582136038,0.069329753,0.107888642,0.914084027,0.566,0591_3,1.0
0564_3_chunk_004_word_embeddings,0.783413615,0.973219912,128,0.581209995,0.076082469,2.657690037,0.007867822,0.994,0564_3,1.0
0395_3_chunk_004_word_embeddings,0.787195786,0.993795341,137,0.580744962,0.073131146,2.823021873,0.004757333,0.996,0395_3,2.0
0816_3_chunk_002_word_embeddings,0.595197413,0.986259328,536,0.542067336,0.039371927,1.349440629,0.177195478,0.892,0816_3,1.0
0583_3_chunk_003_word_embeddings,0.501722629,0.994470847,191,0.563608203,0.060595661,-1.0212872,0.307118389,0.154,0583_3,4.0
0312_3_chunk_003_word_embeddings,0.706256772,0.991272655,157,0.570573385,0.066069209,2.053655397,0.040009056,0.984,0312_3,2.0
0461_3_chunk_001_word_embeddings,0.609357571,0.988548183,322,0.553001644,0.044567185,1.264516198,0.206044811,0.916,0461_3,2.0
0568_2_chunk_002_word_embeddings,0.50516488,0.97405313,361,0.546694483,0.046665396,-0.889944284,0.373495804,0.196,0568_2,4.0
0376_3_chunk_002_word_embeddings,0.638139111,0.988420343,170,0.569490905,0.062482623,1.098676773,0.271909077,0.872,0376_3,4.0
1436_1_chunk_001_word_embeddings,0.735441523,0.980548978,153,0.577667116,0.063603777,2.480582371,0.013116795,0.994,1436_1,4.0
1404_1_chunk_001_word_embeddings,0.631875815,0.990644813,195,0.561704406,0.061624143,1.138699953,0.254828323,0.876,1404_1,1.0
1436_1_chunk_002_word_embeddings,0.684354179,0.989753573,179,0.570871774,0.059525462,1.906451467,0.056591657,0.97,1436_1,4.0
0427_2_chunk_004_word_embeddings,0.627984997,0.991020522,224,0.558053896,0.055183688,1.267242261,0.205068679,0.898,0427_2,2.0
1289_2_chunk_001_word_embeddings,0.600805666,0.996096539,325,0.558056822,0.045273706,0.94423116,0.345051535,0.822,1289_2,1.0
0572_3_chunk_002_word_embeddings,0.654553619,0.977140331,113,0.581366126,0.082378015,0.888434768,0.37430693,0.808,0572_3,2.0
1389_1_chunk_003_word_embeddings,0.971451562,0.991699755,137,0.605101066,0.068163581,5.374578223,7.68e-08,1.0,1389_1,4.0
1378_2_chunk_004_word_embeddings,0.547807706,0.990052186,305,0.549406861,0.04938626,-0.032380564,0.974168562,0.482,1378_2,4.0
1185_2_chunk_002_word_embeddings,0.724909445,0.993146765,267,0.559252013,0.049941434,3.317033921,0.000909786,0.998,1185_2,2.0
1442_1_chunk_001_word_embeddings,0.52895411,0.983960793,136,0.577471173,0.072441253,-0.669743565,0.503021275,0.268,1442_1,4.0
0568_2_chunk_001_word_embeddings,0.606873106,0.984475453,289,0.557330503,0.047494717,1.043118197,0.296893554,0.846,0568_2,4.0
0290_3_chunk_001_word_embeddings,0.579828849,0.989406647,205,0.579554816,0.057792145,0.004741702,0.996216683,0.528,0290_3,2.0
0509_3_chunk_005_word_embeddings,0.558941913,0.992034094,306,0.554193365,0.04940561,0.096113547,0.923430392,0.548,0509_3,1.0
0376_3_chunk_001_word_embeddings,0.591087726,0.988919017,212,0.56383775,0.058548461,0.465426012,0.64162641,0.694,0376_3,4.0
0510_3_chunk_004_word_embeddings,0.588034919,0.968707665,121,0.583398459,0.073004042,0.063509631,0.94936069,0.53,0510_3,2.0
1453-1_chunk_002_word_embeddings,0.580520942,0.98789991,321,0.547627732,0.046646128,0.705164852,0.480707652,0.76,,
0611_3_chunk_002_word_embeddings,0.657822782,0.967652069,119,0.5896589,0.073752646,0.924222864,0.355370294,0.82,0611_3,2.0
0573_3_chunk_003_word_embeddings,0.547776703,0.973913045,174,0.560352502,0.064757538,-0.194198238,0.846020663,0.43,0573_3,2.0
0568_2_chunk_004_word_embeddings,0.667750117,0.986929609,146,0.589838696,0.07052233,1.104776616,0.269256395,0.864,0568_2,4.0
0867_3_chunk_001_word_embeddings,0.612632943,0.981898285,315,0.551576174,0.048701634,1.253690351,0.209954577,0.89,0867_3,1.0
1378_2_chunk_003_word_embeddings,0.528501158,0.979517385,166,0.56596036,0.066433818,-0.563857433,0.572851162,0.308,1378_2,4.0
0277_3_chunk_004_word_embeddings,0.743754575,0.984206401,120,0.610166248,0.073183279,1.825394133,0.067941574,0.96,0277_3,2.0
1190_2_chunk_004_word_embeddings,0.603584871,0.982628671,168,0.560284782,0.064863128,0.667560914,0.504413914,0.744,1190_2,4.0
0361_3_chunk_002_word_embeddings,0.594058834,0.990140461,392,0.551198183,0.042405099,1.010742873,0.312139511,0.834,0361_3,2.0
0096_3_chunk_003_word_embeddings,0.647354707,0.996142341,292,0.557808207,0.047899154,1.86947977,0.061556096,0.968,0096_3,2.0
0384_3_chunk_002_word_embeddings,0.60635406,0.984939809,214,0.5746121,0.055680534,0.570072826,0.568628305,0.708,0384_3,2.0
0882_2_chunk_001_word_embeddings,0.635543957,0.988829663,247,0.560514189,0.051886489,1.446036708,0.148166906,0.92,0882_2,1.0
0115_3_chunk_002_word_embeddings,0.654140006,0.972272528,126,0.597378875,0.075521062,0.751593395,0.452295617,0.776,0115_3,4.0
0461_3_chunk_004_word_embeddings,0.647417694,0.993585162,285,0.557152372,0.050477586,1.788225816,0.073739583,0.976,0461_3,2.0
0591_3_chunk_002_word_embeddings,0.612176949,0.992702295,115,0.587498674,0.080255909,0.307494813,0.758466771,0.634,0591_3,1.0
0096_3_chunk_004_word_embeddings,0.571174297,0.991914868,433,0.553514554,0.038017745,0.464513142,0.642280146,0.682,0096_3,2.0
1397_1_chunk_003_word_embeddings,0.623821229,0.989210153,269,0.573158133,0.050625392,1.000744776,0.316950214,0.836,1397_1,2.0
1356_2_chunk_002_word_embeddings,0.606634374,0.988760549,295,0.555710138,0.049488105,1.029019716,0.30347041,0.864,1356_2,1.0
0945_2_chunk_002_word_embeddings,0.601404809,0.986050282,159,0.573406474,0.063197685,0.443027861,0.657745583,0.682,0945_2,2.0
1442_1_chunk_004_word_embeddings,0.707933363,0.994143095,248,0.552615358,0.050673486,3.065074406,0.002176159,1.0,1442_1,4.0
1455-1_chunk_002_word_embeddings,0.738096112,0.985263602,88,0.602679546,0.092470775,1.464425549,0.143077712,0.92,,
0900_3_chunk_002_word_embeddings,0.554825599,0.977826809,222,0.562893658,0.055191582,-0.146182782,0.883777097,0.448,0900_3,2.0
0945_2_chunk_004_word_embeddings,0.545633519,0.973153115,138,0.570382461,0.071831509,-0.344541588,0.730439026,0.354,0945_2,2.0
1411_1_chunk_001_word_embeddings,0.613874137,0.986423882,205,0.56192273,0.05877467,0.883908109,0.37674582,0.812,1411_1,4.0
0572_3_chunk_004_word_embeddings,0.624624771,0.971258636,151,0.585661475,0.067052526,0.581086174,0.561182376,0.72,0572_3,2.0
0115_3_chunk_001_word_embeddings,0.626665403,0.954951498,136,0.579064347,0.069512134,0.684787726,0.493477882,0.738,0115_3,4.0
0343_3_chunk_003_word_embeddings,0.813756577,0.988251935,129,0.596916733,0.072593662,2.98703548,0.00281697,0.998,0343_3,4.0
0384_3_chunk_001_word_embeddings,0.643860524,0.983211996,212,0.567838548,0.055427643,1.371553456,0.170202492,0.912,0384_3,2.0
1341_2_chunk_004_word_embeddings,0.586880836,0.995410617,615,0.538738639,0.037527239,1.282860071,0.199541104,0.896,1341_2,4.0
0629_3_chunk_005_word_embeddings,0.654762743,0.985495064,186,0.55644433,0.058758727,1.673256347,0.094276842,0.952,0629_3,2.0
0629_3_chunk_001_word_embeddings,0.700902084,0.975205676,172,0.565796815,0.06263227,2.157119155,0.030996381,0.984,0629_3,2.0
0096_3_chunk_002_word_embeddings,0.585154413,0.990652821,369,0.551924163,0.044299616,0.750125003,0.453179422,0.782,0096_3,2.0
0353_3_chunk_001_word_embeddings,0.666109314,0.990892163,156,0.59256974,0.06437662,1.142333549,0.253315401,0.87,0353_3,4.0
1382_1_chunk_003_word_embeddings,0.602207217,0.980652707,182,0.572875656,0.06383381,0.459498844,0.645875982,0.688,1382_1,4.0
0281_3_chunk_004_word_embeddings,0.692265815,0.993000591,198,0.568121775,0.056599065,2.193393825,0.028279017,0.986,0281_3,2.0
0353_3_chunk_002_word_embeddings,0.760221724,0.984103555,109,0.584827276,0.079210219,2.214290652,0.026808791,0.996,0353_3,4.0
0006_3_chunk_006_word_embeddings,0.521499465,0.986586332,499,0.545019731,0.038633429,-0.608806063,0.542652994,0.27,0006_3,2.0
0026_3_chunk_002_word_embeddings,0.640638104,0.996378297,358,0.554025172,0.048581389,1.782841823,0.074612056,0.96,0026_3,1.0
0343_3_chunk_004_word_embeddings,0.581797585,0.973032603,154,0.591134239,0.065996377,-0.141472226,0.8874969,0.456,0343_3,4.0
1436_1_chunk_004_word_embeddings,0.662235426,0.985642219,124,0.57923179,0.076702315,1.082152937,0.279184577,0.856,1436_1,4.0
1363_2_chunk_003_word_embeddings,0.571038819,0.986619601,196,0.578038664,0.055595277,-0.125907199,0.899805384,0.452,1363_2,4.0
1363_2_chunk_004_word_embeddings,0.608941879,0.988584903,167,0.574017927,0.063617791,0.548965184,0.583029343,0.696,1363_2,4.0
1349_2_chunk_001_word_embeddings,0.653012001,0.993791238,280,0.551032909,0.050620511,2.014580422,0.043948631,0.974,1349_2,4.0
0281_3_chunk_002_word_embeddings,0.549029319,0.991109288,176,0.554130158,0.061176638,-0.083378876,0.933550284,0.468,0281_3,2.0
0446_3_chunk_005_word_embeddings,0.589044496,0.978491712,385,0.544806866,0.044563952,0.992677448,0.320867168,0.846,0446_3,2.0
1356_2_chunk_003_word_embeddings,0.591055773,0.982782176,277,0.558124446,0.05084754,0.647648373,0.517212402,0.75,1356_2,1.0
1341_2_chunk_001_word_embeddings,0.588202964,0.992483941,423,0.54833884,0.042798151,0.931445015,0.351623415,0.82,1341_2,4.0
0139_3_chunk_001_word_embeddings,0.777016417,0.98830795,117,0.582689667,0.075142366,2.586114356,0.009706472,0.992,0139_3,2.0
0006_3_chunk_005_word_embeddings,0.657007593,0.964890191,168,0.560573917,0.062257647,1.548945076,0.121394924,0.936,0006_3,2.0
1228_2_chunk_003_word_embeddings,0.613987456,0.983277247,119,0.609887421,0.069658544,0.058859036,0.953064386,0.534,1228_2,1.0
0446_3_chunk_004_word_embeddings,0.673010266,0.995428788,244,0.56062306,0.054402215,2.065857159,0.038841969,0.978,0446_3,2.0
0816_3_chunk_004_word_embeddings,0.553904235,0.974449497,516,0.54758892,0.038999011,0.161935273,0.871356826,0.562,0816_3,1.0
0564_3_chunk_001_word_embeddings,0.928637891,0.988645162,101,0.617764179,0.080779243,3.848435554,0.000118875,1.0,0564_3,1.0
0372_3_chunk_001_word_embeddings,0.596328758,0.995509194,1620,0.533599553,0.026122804,2.401319747,0.016336055,0.99,0372_3,2.0
1409_1_chunk_001_word_embeddings,0.573456374,0.986170226,546,0.540170733,0.037743209,0.881897479,0.37783225,0.812,1409_1,4.0
1442_1_chunk_002_word_embeddings,0.592685949,0.973630166,95,0.632351886,0.083255401,-0.476436805,0.633763219,0.326,1442_1,4.0
1349_2_chunk_003_word_embeddings,0.506854494,0.995558849,296,0.556700347,0.050726035,-0.982648324,0.325780552,0.136,1349_2,4.0
1349_2_chunk_004_word_embeddings,0.606135788,0.992020151,243,0.550932932,0.057611023,0.958199538,0.33796215,0.842,1349_2,4.0
1197_2_chunk_005_word_embeddings,0.563394244,0.988760402,404,0.550456179,0.040844594,0.316763217,0.751423277,0.634,1197_2,1.0
0867_3_chunk_004_word_embeddings,0.540512724,0.988426386,306,0.547693468,0.04889763,-0.146852585,0.883248378,0.452,0867_3,1.0
1358_2_chunk_004_word_embeddings,0.742298307,0.99249156,211,0.568318977,0.057966186,3.001393418,0.002687471,1.0,1358_2,4.0
0510_3_chunk_002_word_embeddings,0.582674579,0.986707603,347,0.549689287,0.047062905,0.700876674,0.483379982,0.768,0510_3,2.0
0250_3_chunk_003_word_embeddings,0.640334605,0.986801048,186,0.563153191,0.060816555,1.269085603,0.204410535,0.898,0250_3,1.0
0505_3_chunk_003_word_embeddings,0.578999224,0.978335539,400,0.547091281,0.042190592,0.756280976,0.449480752,0.776,0505_3,1.0
0608_3_chunk_002_word_embeddings,0.572852237,0.990864466,214,0.56651543,0.05356882,0.118292827,0.90583564,0.556,0608_3,1.0
0361_3_chunk_001_word_embeddings,0.502020381,0.986432603,372,0.551789909,0.04319195,-1.15228712,0.249203108,0.128,0361_3,2.0
0505_3_chunk_002_word_embeddings,0.512469318,0.981198812,375,0.548170938,0.043651617,-0.817876231,0.413427864,0.212,0505_3,1.0
0611_3_chunk_001_word_embeddings,0.506460993,0.97245341,136,0.573099318,0.074909765,-0.889581286,0.373690758,0.182,0611_3,2.0
0571_3_chunk_005_word_embeddings,0.762257612,0.990628867,140,0.582840548,0.068747994,2.6097789,0.009060076,0.99,0571_3,1.0
0871_2_chunk_004_word_embeddings,0.492180515,0.974344453,337,0.547326619,0.046392165,-1.188694346,0.234559966,0.124,0871_2,1.0
0510_3_chunk_003_word_embeddings,0.493812056,0.985842855,331,0.551739312,0.04664696,-1.241822725,0.214301976,0.106,0510_3,2.0
0361_3_chunk_003_word_embeddings,0.692066471,0.994525765,401,0.553012373,0.041052332,3.387239944,0.000705996,1.0,0361_3,2.0
1388_1_chunk_002_word_embeddings,0.594917296,0.992980551,327,0.544649613,0.047637811,1.055205571,0.291331317,0.848,1388_1,1.0
1356_2_chunk_004_word_embeddings,0.581344718,0.988362587,342,0.55873062,0.046188046,0.489609333,0.624410371,0.68,1356_2,1.0
0427_2_chunk_002_word_embeddings,0.652301018,0.988740574,319,0.562306666,0.045380969,1.98308574,0.047357853,0.98,0427_2,2.0
0277_3_chunk_001_word_embeddings,0.652382213,0.983613945,186,0.562058181,0.061857225,1.460201812,0.144234617,0.94,0277_3,2.0
0312_3_chunk_002_word_embeddings,0.886967864,0.96298947,112,0.578786206,0.08160592,3.776462052,0.000159072,1.0,0312_3,2.0
1305_2_chunk_002_word_embeddings,0.634868995,0.983373331,149,0.572862325,0.069260821,0.895263286,0.370646362,0.824,1305_2,4.0
0438_3_chunk_003_word_embeddings,0.635243171,0.991847719,146,0.601710278,0.066380103,0.505164836,0.613443066,0.71,0438_3,2.0
0026_3_chunk_001_word_embeddings,0.639806087,0.986401319,391,0.54768301,0.046120326,1.997450723,0.045776242,0.974,0026_3,1.0
1197_2_chunk_001_word_embeddings,0.645059141,0.994017346,432,0.549965624,0.041683817,2.281305408,0.022530381,0.986,1197_2,1.0
1356_2_chunk_001_word_embeddings,0.587650468,0.986230596,421,0.540960492,0.040139454,1.163194102,0.244750759,0.858,1356_2,1.0
1389_1_chunk_002_word_embeddings,0.68671766,0.989778318,118,0.606869881,0.073678983,1.083725323,0.278486604,0.87,1389_1,4.0
0461_3_chunk_003_word_embeddings,0.540028914,0.985882058,318,0.555950951,0.045809447,-0.347571039,0.728162359,0.386,0461_3,2.0
0708_2_chunk_003_word_embeddings,0.735374101,0.995529377,254,0.55998075,0.051545233,3.402707503,0.000667217,0.998,0708_2,4.0
0395_3_chunk_003_word_embeddings,0.707604613,0.971941438,109,0.586025383,0.080955433,1.50180446,0.133147616,0.932,0395_3,2.0
1439_1_chunk_004_word_embeddings,0.757828336,0.970028413,107,0.597813484,0.076096545,2.102787355,0.035484362,0.976,1439_1,4.0
0509_3_chunk_002_word_embeddings,0.804072054,0.99459184,103,0.60858003,0.081644746,2.394422588,0.016646557,0.988,0509_3,1.0
1079_2_chunk_001_word_embeddings,0.539115777,0.9815165,309,0.557877343,0.049167112,-0.381587708,0.702767203,0.368,1079_2,1.0
0564_3_chunk_003_word_embeddings,0.699009033,0.987512421,151,0.588616232,0.066313682,1.664706242,0.095971377,0.966,0564_3,1.0
0096_3_chunk_001_word_embeddings,0.653705302,0.993443912,291,0.555738707,0.048083077,2.037444368,0.041605532,0.988,0096_3,2.0
1382_1_chunk_004_word_embeddings,0.569774319,0.991856022,143,0.569838485,0.069596506,-0.00092197,0.999264374,0.516,1382_1,4.0
1324_2_chunk_001_word_embeddings,0.716069796,0.991501674,310,0.626337474,0.045740049,1.961788959,0.04978706,0.976,1324_2,4.0
1324_2_chunk_004_word_embeddings,0.610323598,0.980734737,137,0.584853931,0.07226412,0.352452472,0.724498956,0.644,1324_2,4.0
0530_3_chunk_001_word_embeddings,0.629288602,0.98014603,124,0.586368334,0.073377836,0.584921414,0.558600559,0.752,0530_3,4.0
1386_1_chunk_001_word_embeddings,0.544184537,0.981787704,157,0.570096036,0.07176496,-0.361060582,0.718054159,0.382,1386_1,4.0
0571_3_chunk_003_word_embeddings,0.62184182,0.97780954,159,0.570325349,0.066538346,0.774237319,0.438790463,0.776,0571_3,1.0
1324_2_chunk_006_word_embeddings,0.666905483,0.971206101,107,0.645437118,0.074758632,0.287169047,0.773982886,0.634,1324_2,4.0
0900_3_chunk_004_word_embeddings,0.682562252,0.981225695,119,0.581603642,0.078847136,1.280434718,0.20039229,0.906,0900_3,2.0
1079_2_chunk_002_word_embeddings,0.552876067,0.985725949,372,0.553029169,0.041831101,-0.003660003,0.997079746,0.49,1079_2,1.0
1197_2_chunk_004_word_embeddings,0.862575369,0.980273736,115,0.622797598,0.075503777,3.175705656,0.001494725,0.998,1197_2,1.0
1402_1_chunk_003_word_embeddings,0.601764684,0.990190486,358,0.548288148,0.046854713,1.141326709,0.253733991,0.878,1402_1,1.0
1350_2_chunk_004_word_embeddings,0.549169782,0.989463508,288,0.607836479,0.047018138,-1.247746097,0.212124054,0.108,1350_2,4.0
1409_1_chunk_002_word_embeddings,0.570021441,0.989760761,363,0.545445799,0.04582428,0.536301767,0.59175001,0.7,1409_1,4.0
0446_3_chunk_001_word_embeddings,0.751956472,0.993971788,161,0.582357762,0.063748792,2.660422324,0.007804273,0.998,0446_3,2.0
1237_2_chunk_002_word_embeddings,0.830621371,0.987401697,118,0.589998656,0.077886937,3.089384724,0.002005715,1.0,1237_2,2.0
1411_1_chunk_004_word_embeddings,0.630924079,0.96192168,116,0.571884968,0.079423381,0.743346733,0.457271785,0.784,1411_1,4.0
1237_2_chunk_004_word_embeddings,0.620494174,0.988194822,233,0.552668862,0.054339115,1.248185792,0.211963026,0.894,1237_2,2.0
0583_3_chunk_001_word_embeddings,0.708076492,0.98088234,109,0.597438407,0.07988618,1.384946488,0.16606883,0.892,0583_3,4.0
1402_1_chunk_004_word_embeddings,0.57389012,0.993360412,320,0.54951725,0.04525625,0.538552563,0.590195627,0.694,1402_1,1.0
1341_2_chunk_002_word_embeddings,0.637243788,0.967253282,99,0.597164125,0.084075994,0.476707574,0.633570369,0.692,1341_2,4.0
0026_3_chunk_003_word_embeddings,0.504874858,0.987515672,380,0.554036473,0.044115079,-1.114394821,0.265109844,0.118,0026_3,1.0
1411_1_chunk_003_word_embeddings,0.569185173,0.988009429,301,0.551516178,0.050436431,0.350322076,0.726096999,0.634,1411_1,4.0
0069_3_chunk_003_word_embeddings,0.685922274,0.994313648,348,0.549700121,0.044623487,3.052700752,0.00226792,1.0,0069_3,1.0
0029_3_chunk_005_word_embeddings,0.573338359,0.984078279,341,0.55201356,0.042605739,0.500514684,0.616712719,0.678,0029_3,2.0
1439_1_chunk_001_word_embeddings,0.652880055,0.987664863,171,0.577212203,0.061764969,1.225093338,0.220540055,0.886,1439_1,4.0
0505_3_chunk_004_word_embeddings,0.534785034,0.986551173,305,0.55228605,0.050202042,-0.348611635,0.727380892,0.358,0505_3,1.0
1289_2_chunk_003_word_embeddings,0.666774014,0.99680944,163,0.588553228,0.061802748,1.265652235,0.205637616,0.894,1289_2,1.0
0571_3_chunk_001_word_embeddings,0.69737779,0.983641194,176,0.574606605,0.065818161,1.865308663,0.062138152,0.972,0571_3,1.0
0290_3_chunk_002_word_embeddings,0.559926027,0.982478536,223,0.571189775,0.054030294,-0.208470986,0.834861234,0.398,0290_3,2.0
0139_3_chunk_003_word_embeddings,0.646858951,0.989131437,188,0.557910019,0.059825255,1.486812417,0.137064361,0.936,0139_3,2.0
0395_3_chunk_005_word_embeddings,0.764772379,0.989057735,107,0.616973944,0.077272992,1.91267907,0.05578915,0.958,0395_3,2.0
0608_3_chunk_004_word_embeddings,0.535610832,0.972632294,172,0.580678694,0.064563328,-0.698041184,0.485151439,0.244,0608_3,1.0
1124_2_chunk_002_word_embeddings,0.670872231,0.995138516,212,0.573927401,0.057988047,1.671807127,0.094562361,0.95,1124_2,4.0
0611_3_chunk_003_word_embeddings,0.655804334,0.994047587,251,0.549912308,0.052878972,2.002535628,0.045227155,0.984,0611_3,2.0
1457-1_chunk_002_word_embeddings,0.564514081,0.991170977,327,0.54923186,0.046735571,0.326993354,0.743672912,0.648,,
1358_2_chunk_001_word_embeddings,0.606390419,0.982929488,173,0.568072056,0.060142315,0.637128171,0.52404136,0.734,1358_2,4.0
1079_2_chunk_004_word_embeddings,0.691722971,0.992634616,232,0.563211878,0.051934362,2.474490652,0.013342631,0.998,1079_2,1.0
1455-1_chunk_001_word_embeddings,0.738096112,0.985263602,88,0.599373744,0.095506133,1.452496949,0.146363477,0.932,,
0530_3_chunk_002_word_embeddings,0.587710827,0.995008966,340,0.540599851,0.044656272,1.05496884,0.291439576,0.842,0530_3,4.0
1248_2_chunk_002_word_embeddings,0.634127531,0.991937612,264,0.570799675,0.053183134,1.190750731,0.233751456,0.888,1248_2,1.0
0571_3_chunk_006_word_embeddings,0.591309627,0.963717897,277,0.546927348,0.050929442,0.871446417,0.383510451,0.812,0571_3,1.0
0271_3_chunk_001_word_embeddings,0.71138456,0.989966842,231,0.560746531,0.052535605,2.867351181,0.004139234,1.0,0271_3,1.0
1341_2_chunk_003_word_embeddings,0.567766324,0.991387322,606,0.539484405,0.039535044,0.715363285,0.474384593,0.796,1341_2,4.0
1409_1_chunk_003_word_embeddings,0.615598759,0.992787085,474,0.546182529,0.040398238,1.718298451,0.085742192,0.942,1409_1,4.0
1065_2_chunk_001_word_embeddings,0.699228208,0.97909829,128,0.597596234,0.072076134,1.410064168,0.158520737,0.924,1065_2,1.0
1358_2_chunk_002_word_embeddings,0.625942093,0.989573532,218,0.571371748,0.053719411,1.015840351,0.309705418,0.842,1358_2,4.0
0079_3_chunk_002_word_embeddings,0.702270756,0.994356346,133,0.586204033,0.072746058,1.595505342,0.110599276,0.944,0079_3,4.0
1185_2_chunk_003_word_embeddings,0.592272088,0.98348852,358,0.548423777,0.045499055,0.963719162,0.335186745,0.838,1185_2,2.0
0629_3_chunk_003_word_embeddings,0.572632405,0.989235104,312,0.546531215,0.047763111,0.546471717,0.584741724,0.728,0629_3,2.0
0023_3_chunk_003_word_embeddings,0.573369885,0.979535576,293,0.55370042,0.049281258,0.399126688,0.689799858,0.634,0023_3,1.0
1124_2_chunk_001_word_embeddings,0.592978505,0.985523531,172,0.570054777,0.059012463,0.388455716,0.697678819,0.678,1124_2,4.0
0006_3_chunk_004_word_embeddings,0.596356353,0.986283824,396,0.543375181,0.045898321,1.154316123,0.248370589,0.872,0006_3,2.0
0690_2_chunk_004_word_embeddings,0.595089395,0.989177439,356,0.545333811,0.044988898,1.105952507,0.268747076,0.87,0690_2,1.0
1248_2_chunk_004_word_embeddings,0.653136009,0.990284366,262,0.590181557,0.048852059,1.288675498,0.197510924,0.892,1248_2,1.0
0882_2_chunk_002_word_embeddings,0.582006412,0.992117931,233,0.559854247,0.054829931,0.404015909,0.68620102,0.646,0882_2,1.0
0708_2_chunk_004_word_embeddings,0.626101941,0.993349247,296,0.544245482,0.051212903,1.598356151,0.109963738,0.948,0708_2,4.0
0257_3_chunk_005_word_embeddings,0.555589301,0.990042199,329,0.558520675,0.050342841,-0.058228227,0.953566837,0.448,0257_3,4.0
1254_2_chunk_005_word_embeddings,0.590740963,0.991446646,337,0.549276287,0.046190584,0.897686781,0.369352559,0.8,1254_2,4.0
0257_3_chunk_001_word_embeddings,0.667965341,0.98354748,116,0.588978427,0.081213541,0.972583055,0.330760568,0.844,0257_3,4.0
1386_1_chunk_003_word_embeddings,0.583663382,0.97820833,150,0.576738735,0.067196668,0.103050446,0.917922934,0.554,1386_1,4.0
1314_2_chunk_001_word_embeddings,0.600791329,0.99184594,245,0.552612067,0.052951068,0.909882723,0.362884362,0.822,1314_2,2.0
1411_1_chunk_005_word_embeddings,0.688451182,0.986252241,103,0.600107075,0.082686314,1.068424781,0.285328944,0.862,1411_1,4.0
0438_3_chunk_001_word_embeddings,0.772179391,0.996813523,140,0.603228354,0.07177859,2.353780368,0.018583588,0.988,0438_3,2.0
1442_1_chunk_005_word_embeddings,0.622482263,0.985230024,178,0.56353521,0.061866548,0.952809789,0.340686454,0.814,1442_1,4.0
0069_3_chunk_002_word_embeddings,0.75562947,0.987885158,121,0.597504212,0.075446088,2.095870861,0.036093648,0.982,0069_3,1.0
0029_3_chunk_004_word_embeddings,0.624749515,0.985997428,156,0.563788579,0.068289166,0.892688255,0.372024142,0.822,0029_3,2.0
1457-1_chunk_003_word_embeddings,0.60517548,0.990184581,279,0.548516734,0.049391277,1.147140757,0.251323452,0.864,,
0629_3_chunk_006_word_embeddings,0.722188027,0.976333303,117,0.602193548,0.073132534,1.640781086,0.100842866,0.948,0629_3,2.0
0882_2_chunk_004_word_embeddings,0.644870344,0.994454866,251,0.549327858,0.055113175,1.733568901,0.082994602,0.962,0882_2,1.0
0257_3_chunk_004_word_embeddings,0.734498937,0.987822404,167,0.572454186,0.061721297,2.625426837,0.008654041,0.99,0257_3,4.0
1228_2_chunk_001_word_embeddings,0.708990637,0.996676161,189,0.580797401,0.057413136,2.232820637,0.025560775,0.99,1228_2,1.0
0277_3_chunk_002_word_embeddings,0.588293698,0.995322066,276,0.55711009,0.05275907,0.591056828,0.554482345,0.724,0277_3,2.0
0023_3_chunk_001_word_embeddings,0.701826644,0.978368819,211,0.556793692,0.057015463,2.543747692,0.010967027,0.996,0023_3,1.0
0423_3_chunk_002_word_embeddings,0.579941203,0.987409382,209,0.563088024,0.054535796,0.309029662,0.757298964,0.612,0423_3,2.0
1350_2_chunk_003_word_embeddings,0.54844051,0.987512403,210,0.566796701,0.058362925,-0.314518007,0.753127642,0.394,1350_2,4.0
1404_1_chunk_003_word_embeddings,0.574724348,0.989999263,625,0.539241763,0.036880379,0.962099234,0.335999759,0.832,1404_1,1.0
0069_3_chunk_005_word_embeddings,0.675339305,0.990944821,269,0.568194318,0.04743397,2.258823935,0.023894339,0.99,0069_3,1.0
1386_1_chunk_002_word_embeddings,0.650126294,0.96112251,101,0.593931848,0.084091304,0.668255138,0.503970744,0.74,1386_1,4.0
0257_3_chunk_003_word_embeddings,0.551382832,0.989310728,258,0.549454764,0.05266669,0.036608875,0.970796867,0.524,0257_3,4.0
1404_1_chunk_002_word_embeddings,0.578684792,0.992356464,339,0.558414317,0.045058605,0.449869129,0.652804808,0.664,1404_1,1.0
0289_3_chunk_001_word_embeddings,0.636783482,0.985839454,249,0.560261854,0.048862815,1.566050337,0.117336833,0.922,0289_3,2.0
0026_3_chunk_004_word_embeddings,0.727117631,0.995345413,281,0.559525722,0.047833708,3.503636129,0.000458952,1.0,0026_3,1.0
1363_2_chunk_001_word_embeddings,0.614869299,0.986903036,191,0.562887243,0.061511461,0.845079192,0.398066625,0.786,1363_2,4.0
0292_2_chunk_001_word_embeddings,0.595718541,0.986826283,298,0.552421279,0.049591749,0.873073915,0.382622791,0.814,0292_2,1.0
1185_2_chunk_004_word_embeddings,0.590904531,0.987743479,399,0.544715545,0.042772522,1.079875197,0.280197759,0.866,1185_2,2.0
1214_2_chunk_001_word_embeddings,0.701500409,0.994284627,124,0.587831544,0.078754974,1.44332299,0.148929506,0.916,1214_2,2.0
1437_1_chunk_005_word_embeddings,0.645597799,0.991741103,233,0.552922118,0.054674095,1.695056513,0.090064701,0.95,1437_1,4.0
1441_1_chunk_004_word_embeddings,0.627909078,0.994978272,374,0.550293611,0.04762791,1.629621505,0.103181516,0.944,1441_1,4.0
0945_2_chunk_001_word_embeddings,0.692641289,0.990116811,107,0.590523904,0.079523705,1.284112526,0.199102586,0.898,0945_2,2.0
0815_2_chunk_002_word_embeddings,0.589419441,0.9967197,367,0.549785729,0.046551219,0.851400075,0.39454715,0.796,0815_2,2.0
0006_3_chunk_001_word_embeddings,0.629278064,0.994882969,280,0.556430772,0.04917251,1.481463771,0.138483032,0.928,0006_3,2.0
0882_2_chunk_003_word_embeddings,0.62686255,0.988403143,173,0.562255773,0.061489672,1.050693139,0.293399548,0.852,0882_2,1.0
1228_2_chunk_002_word_embeddings,0.554390093,0.97762954,107,0.589547385,0.080762713,-0.43531589,0.663333152,0.332,1228_2,1.0
1389_1_chunk_001_word_embeddings,0.813694818,0.982169885,110,0.595605356,0.077869649,2.80069918,0.005099203,1.0,1389_1,4.0
0006_3_chunk_002_word_embeddings,0.646553108,0.980811174,178,0.568656347,0.062537372,1.245603375,0.212910043,0.898,0006_3,2.0
0255_2_chunk_003_word_embeddings,0.560094607,0.989940125,302,0.556201432,0.047493514,0.081972779,0.93466836,0.552,0255_2,
0290_3_chunk_004_word_embeddings,0.594791356,0.984503451,221,0.574813681,0.055510078,0.359892764,0.718927328,0.624,0290_3,2.0
0271_3_chunk_003_word_embeddings,0.628333327,0.992977953,256,0.558042653,0.0519562,1.352883277,0.176092923,0.916,0271_3,1.0
0571_3_chunk_002_word_embeddings,0.595181833,0.966262949,225,0.558090389,0.056488685,0.656617227,0.511427069,0.75,0571_3,1.0
0069_3_chunk_004_word_embeddings,0.703612162,0.993882585,227,0.559280562,0.055865327,2.58356314,0.009778557,0.986,0069_3,1.0
0343_3_chunk_001_word_embeddings,0.68199629,0.985014025,213,0.575232637,0.053889502,1.98115868,0.047573481,0.978,0343_3,4.0
0941_3_chunk_002_word_embeddings,0.856633294,0.993597329,125,0.574603877,0.074590304,3.781046617,0.00015617,1.0,0941_3,4.0
0479_3_chunk_002_word_embeddings,0.631519312,0.984652303,147,0.581811914,0.067203197,0.739658242,0.459507392,0.782,0479_3,1.0
0312_3_chunk_001_word_embeddings,0.620226544,0.991643717,126,0.576496447,0.077684267,0.562920893,0.573488753,0.712,0312_3,2.0
1254_2_chunk_004_word_embeddings,0.619138197,0.983081511,108,0.601076204,0.079371756,0.227561959,0.819986796,0.602,1254_2,4.0
1439_1_chunk_002_word_embeddings,0.651211762,0.986041664,160,0.573979386,0.062483537,1.236043607,0.216442355,0.898,1439_1,4.0
0867_3_chunk_003_word_embeddings,0.508961005,0.988038431,280,0.564516013,0.051425886,-1.080292687,0.280011865,0.142,0867_3,1.0
0509_3_chunk_004_word_embeddings,0.590419148,0.978481406,225,0.562574667,0.05328504,0.522557198,0.601282433,0.698,0509_3,1.0
1253_2_chunk_004_word_embeddings,0.735099948,0.992105841,251,0.60046222,0.048044201,2.802372068,0.005072833,1.0,1253_2,4.0
0271_3_chunk_005_word_embeddings,0.57557595,0.994882388,362,0.546933194,0.044874391,0.638287347,0.523286647,0.75,0271_3,1.0
1190_2_chunk_003_word_embeddings,0.52948198,0.97159812,175,0.561820117,0.064875843,-0.49846191,0.61815851,0.31,1190_2,4.0
1214_2_chunk_002_word_embeddings,0.560398988,0.981062939,100,0.60244831,0.090803084,-0.463082535,0.643305208,0.324,1214_2,2.0
0945_2_chunk_003_word_embeddings,0.613847368,0.964925189,130,0.581532469,0.07569732,0.426896218,0.66945492,0.662,0945_2,2.0
1411_1_chunk_002_word_embeddings,0.563609594,0.989800767,183,0.569971362,0.059754507,-0.106465079,0.91521336,0.468,1411_1,4.0
1324_2_chunk_007_word_embeddings,0.565325144,0.985248452,309,0.547335185,0.046920383,0.38341458,0.701412394,0.63,1324_2,4.0
1451_1_chunk_003_word_embeddings,0.681318516,0.982025945,112,0.581125922,0.080261555,1.248326112,0.211911655,0.9,1451_1,4.0
0516_3_chunk_004_word_embeddings,0.493109931,0.973442194,185,0.560884968,0.063603876,-1.065580287,0.286613414,0.134,0516_3,1.0
0427_2_chunk_001_word_embeddings,0.692520114,0.992666749,129,0.589030772,0.072386701,1.429673416,0.152810773,0.934,0427_2,2.0
0871_2_chunk_001_word_embeddings,0.615761428,0.988691347,313,0.552426577,0.048171063,1.314790387,0.188580359,0.908,0871_2,1.0
1051_3_chunk_001_word_embeddings,0.528442852,0.990736067,749,0.537804956,0.034817838,-0.268888129,0.788015773,0.414,1051_3,2.0
0023_3_chunk_002_word_embeddings,0.620603643,0.995743741,278,0.559565684,0.05039975,1.211076621,0.225866041,0.88,0023_3,1.0
1441_1_chunk_001_word_embeddings,0.583709382,0.990337285,361,0.550253193,0.044725453,0.748034656,0.454439254,0.774,1441_1,4.0
0289_3_chunk_002_word_embeddings,0.610714081,0.98973267,375,0.553688266,0.045360138,1.257179066,0.208688802,0.9,0289_3,2.0
0580_3_chunk_003_word_embeddings,0.665191854,0.995120595,335,0.552073163,0.045882388,2.465405476,0.013685828,0.998,0580_3,2.0
1197_2_chunk_002_word_embeddings,0.566268744,0.99371319,398,0.556320642,0.04261608,0.233435409,0.81542332,0.594,1197_2,1.0
0510_3_chunk_001_word_embeddings,0.464848855,0.969335405,245,0.554444927,0.052442917,-1.708449444,0.087552979,0.048,0510_3,2.0
1254_2_chunk_002_word_embeddings,0.638626906,0.989179368,137,0.597407222,0.065730905,0.627097475,0.530595342,0.718,1254_2,4.0
0509_3_chunk_003_word_embeddings,0.495692555,0.991193714,399,0.537827547,0.042634422,-0.988285772,0.323012712,0.168,0509_3,1.0
1190_2_chunk_002_word_embeddings,0.594729681,0.995280726,249,0.555349446,0.052191877,0.75452805,0.450532209,0.764,1190_2,4.0
0395_3_chunk_002_word_embeddings,0.560046808,0.97557039,174,0.557153679,0.061747026,0.046854552,0.96262915,0.514,0395_3,2.0
0815_2_chunk_003_word_embeddings,0.61802045,0.991573985,305,0.548226318,0.049864802,1.399667283,0.161612975,0.916,0815_2,2.0
0271_3_chunk_002_word_embeddings,0.645481438,0.970994899,173,0.569793083,0.062114798,1.218523729,0.223025013,0.88,0271_3,1.0
0871_2_chunk_002_word_embeddings,0.64489864,0.995098405,353,0.546097615,0.047389981,2.084850511,0.037082872,0.984,0871_2,1.0
0446_3_chunk_003_word_embeddings,0.583799359,0.985747996,260,0.552420776,0.052328581,0.5996452,0.548742717,0.736,0446_3,2.0
1451_1_chunk_002_word_embeddings,0.829129217,0.986871667,144,0.586995372,0.066557811,3.637947866,0.000274819,1.0,1451_1,4.0
1237_2_chunk_003_word_embeddings,0.580969032,0.988315565,422,0.546088891,0.039499302,0.883057129,0.377205406,0.82,1237_2,2.0
0708_2_chunk_001_word_embeddings,0.686876506,0.98410836,141,0.58793052,0.064604923,1.53155488,0.125632314,0.94,0708_2,4.0
0583_3_chunk_004_word_embeddings,0.57007547,0.973277218,130,0.577100942,0.075704987,-0.092800649,0.926061936,0.498,0583_3,4.0
1363_2_chunk_002_word_embeddings,0.617248749,0.996272498,236,0.564794075,0.056724223,0.924731467,0.355105607,0.826,1363_2,4.0
0583_3_chunk_002_word_embeddings,0.586113106,0.990161928,174,0.566370171,0.065334242,0.302183578,0.762512123,0.64,0583_3,4.0
1324_2_chunk_002_word_embeddings,0.522321321,0.970841545,173,0.561088323,0.06452338,-0.600821005,0.547959212,0.268,1324_2,4.0
0963_3_chunk_005_word_embeddings,0.501626783,0.974691735,193,0.558735932,0.062794228,-0.909464932,0.363104761,0.184,0963_3,1.0
1254_2_chunk_003_word_embeddings,0.683458245,0.988314166,155,0.580110832,0.069698216,1.482784182,0.13813176,0.93,1254_2,4.0
0395_3_chunk_001_word_embeddings,0.551421758,0.979216707,153,0.56423226,0.067778484,-0.189005433,0.850088559,0.44,0395_3,2.0
0423_3_chunk_005_word_embeddings,0.612839529,0.989586588,283,0.564882461,0.047762713,1.004069186,0.315345267,0.842,0423_3,2.0
0580_3_chunk_001_word_embeddings,0.660291085,0.984354048,235,0.569623718,0.055989119,1.619374751,0.105366656,0.948,0580_3,2.0
0289_3_chunk_003_word_embeddings,0.583133883,0.981606347,459,0.555232741,0.041385971,0.67416908,0.500203825,0.746,0289_3,2.0
1124_2_chunk_003_word_embeddings,0.562888813,0.979783515,242,0.575071809,0.052224403,-0.233281667,0.815542694,0.41,1124_2,4.0
1305_2_chunk_004_word_embeddings,0.645980541,0.99439166,361,0.589152615,0.04190468,1.356123614,0.175059841,0.914,1305_2,4.0
1397_1_chunk_004_word_embeddings,0.611486403,0.974065722,240,0.574403148,0.052855439,0.701597713,0.482930078,0.754,1397_1,2.0
0029_3_chunk_003_word_embeddings,0.603762828,0.985279856,242,0.565850666,0.053131284,0.713556292,0.475501593,0.77,0029_3,2.0
0271_3_chunk_004_word_embeddings,0.615481062,0.987388462,306,0.54789459,0.050433419,1.340112844,0.180208661,0.898,0271_3,1.0
0608_3_chunk_003_word_embeddings,0.581272376,0.981484327,107,0.609380192,0.080686795,-0.348357079,0.727572032,0.37,0608_3,1.0
1441_1_chunk_002_word_embeddings,0.557188565,0.981088255,352,0.545341743,0.043895459,0.269887181,0.78724705,0.616,1441_1,4.0
1437_1_chunk_003_word_embeddings,0.603993694,0.995261407,410,0.545992444,0.041343674,1.402905094,0.160645142,0.922,1437_1,4.0
1197_2_chunk_003_word_embeddings,0.63220719,0.997671107,326,0.558910666,0.046488514,1.57665876,0.114874064,0.936,1197_2,1.0
0255_2_chunk_001_word_embeddings,0.611697301,0.993575724,213,0.564795828,0.05180472,0.905351349,0.365279281,0.824,0255_2,
0376_3_chunk_003_word_embeddings,0.711610044,0.99216837,204,0.558484623,0.060446608,2.533234327,0.011301537,0.996,0376_3,4.0
0255_2_chunk_002_word_embeddings,0.561169202,0.985371627,290,0.550268982,0.049886687,0.218499577,0.827039888,0.578,0255_2,
0141_3_chunk_002_word_embeddings,0.701416857,0.989747825,114,0.58118647,0.079701234,1.508513499,0.131423154,0.92,0141_3,2.0
0029_3_chunk_001_word_embeddings,0.65163446,0.973463223,213,0.551864009,0.056934277,1.752379356,0.079708599,0.958,0029_3,2.0
1305_2_chunk_001_word_embeddings,0.65405649,0.976386405,126,0.584438317,0.076131482,0.914446575,0.360482238,0.806,1305_2,4.0
1397_1_chunk_001_word_embeddings,0.625589637,0.989360757,350,0.569693007,0.044398445,1.258977202,0.208038567,0.898,1397_1,2.0
0516_3_chunk_003_word_embeddings,0.573344065,0.989767464,240,0.556266511,0.054626372,0.31262471,0.754565802,0.642,0516_3,1.0
1289_2_chunk_002_word_embeddings,0.497761736,0.977918913,232,0.560510639,0.053637862,-1.169862113,0.242056463,0.13,1289_2,1.0
0580_3_chunk_002_word_embeddings,0.686504015,0.995208187,342,0.549416676,0.045479929,3.01423822,0.002576254,0.996,0580_3,2.0
1457-1_chunk_004_word_embeddings,0.671798248,0.99474049,335,0.549420886,0.047731571,2.563866223,0.010351343,1.0,,
0353_3_chunk_004_word_embeddings,0.830501138,0.978657572,100,0.62708588,0.081201452,2.5050692,0.012242744,0.99,0353_3,4.0
0423_3_chunk_004_word_embeddings,0.604703686,0.992817316,251,0.562486947,0.051755016,0.815703329,0.414669834,0.806,0423_3,2.0
1253_2_chunk_001_word_embeddings,0.619116015,0.986714648,336,0.552379282,0.045539576,1.465466727,0.142793624,0.916,1253_2,4.0
0690_2_chunk_001_word_embeddings,0.564750751,0.993284043,377,0.546758882,0.044676331,0.402715905,0.687157232,0.654,0690_2,1.0
0068_3_chunk_003_word_embeddings,0.684466288,0.99387938,147,0.578800144,0.064729782,1.632419268,0.102591193,0.944,0068_3,4.0
0006_3_chunk_003_word_embeddings,0.632484028,0.99473827,481,0.574014453,0.039609633,1.476145339,0.13990488,0.946,0006_3,2.0
0281_3_chunk_001_word_embeddings,0.603600156,0.991233169,231,0.557131955,0.05344778,0.869413141,0.384621198,0.808,0281_3,2.0
0479_3_chunk_001_word_embeddings,0.454597816,0.964244864,133,0.577664523,0.071711748,-1.716130356,0.086138186,0.03,0479_3,1.0
0281_3_chunk_003_word_embeddings,0.799591343,0.984958384,105,0.584124373,0.085244186,2.527644176,0.011483067,0.994,0281_3,2.0
1248_2_chunk_005_word_embeddings,0.64934543,0.988995462,371,0.553681379,0.044226717,2.163037575,0.03053829,0.982,1248_2,1.0
0941_3_chunk_001_word_embeddings,0.5591,0.972390658,196,0.563190815,0.058910056,-0.069441718,0.944638023,0.478,0941_3,4.0
0564_3_chunk_005_word_embeddings,0.758177601,0.968413005,100,0.593480073,0.091620843,1.797598907,0.072240592,0.952,0564_3,1.0
1324_2_chunk_003_word_embeddings,0.544639246,0.98782185,446,0.570598558,0.038336442,-0.677144528,0.498314259,0.234,1324_2,4.0
0023_3_chunk_004_word_embeddings,0.622071153,0.991988795,274,0.552453305,0.050868585,1.368582362,0.171129861,0.912,0023_3,1.0
1410-1_chunk_001_word_embeddings,0.742149663,0.987196283,104,0.594516313,0.085687414,1.722929245,0.084901321,0.964,,
1237_2_chunk_001_word_embeddings,0.624805518,0.979918072,177,0.578395884,0.056965146,0.814702277,0.41524275,0.79,1237_2,2.0
1409_1_chunk_004_word_embeddings,0.680479227,0.996123571,476,0.554810661,0.040172996,3.128185097,0.001758894,0.996,1409_1,4.0
0815_2_chunk_004_word_embeddings,0.659933264,0.993683444,283,0.554600199,0.049141841,2.143449719,0.032077004,0.992,0815_2,2.0
1382_1_chunk_002_word_embeddings,0.569632561,0.994351223,167,0.57299385,0.061517139,-0.054639868,0.956425376,0.504,1382_1,4.0
1437_1_chunk_004_word_embeddings,0.529028855,0.980895511,365,0.543523155,0.040775227,-0.355468291,0.722238796,0.376,1437_1,4.0
0423_3_chunk_001_word_embeddings,0.794304511,0.971459736,101,0.617691723,0.083736969,2.10913757,0.034932709,0.986,0423_3,2.0
1324_2_chunk_005_word_embeddings,0.562143093,0.982602806,155,0.567322811,0.066538021,-0.077845989,0.937950564,0.476,1324_2,4.0
0250_3_chunk_002_word_embeddings,0.538387158,0.950348077,176,0.575087296,0.063694909,-0.576186359,0.564489225,0.276,0250_3,1.0
1185_2_chunk_001_word_embeddings,0.594714914,0.989415777,317,0.559670766,0.044435082,0.788659487,0.430311053,0.8,1185_2,2.0
0139_3_chunk_005_word_embeddings,0.578082295,0.977971208,160,0.564184153,0.065792115,0.211243269,0.832697449,0.57,0139_3,2.0
0277_3_chunk_003_word_embeddings,0.552083626,0.988030004,143,0.589894125,0.06730302,-0.561794978,0.574255714,0.274,0277_3,2.0
0963_3_chunk_004_word_embeddings,0.634450194,0.982704448,179,0.568814116,0.062165544,1.055827297,0.291047125,0.856,0963_3,1.0
0068_3_chunk_001_word_embeddings,0.62337499,0.996065152,264,0.557691315,0.053063587,1.237829533,0.215779275,0.9,0068_3,4.0
0871_2_chunk_003_word_embeddings,0.619037716,0.992474963,348,0.549322379,0.046300082,1.505728151,0.132136974,0.928,0871_2,1.0
1237_2_chunk_005_word_embeddings,0.635619451,0.985962871,269,0.55605715,0.051149377,1.55548915,0.119829617,0.928,1237_2,2.0
0141_3_chunk_001_word_embeddings,0.488979519,0.976584152,100,0.613161501,0.083576448,-1.485849009,0.137319063,0.068,0141_3,2.0
0384_3_chunk_003_word_embeddings,0.667103183,0.992505746,287,0.548830596,0.051042371,2.317145238,0.020495821,0.99,0384_3,2.0
1388_1_chunk_003_word_embeddings,0.504495313,0.972295388,298,0.556095273,0.052422502,-0.984309372,0.324963423,0.17,1388_1,1.0
0509_3_chunk_001_word_embeddings,0.657847455,0.994019162,186,0.564521285,0.060405619,1.544991538,0.12234831,0.932,0509_3,1.0
1341_2_chunk_005_word_embeddings,0.577029687,0.989606093,652,0.535223788,0.035469949,1.178628644,0.238546081,0.87,1341_2,4.0
1349_2_chunk_002_word_embeddings,0.614565803,0.99130804,318,0.545370225,0.0497871,1.389829456,0.164580671,0.904,1349_2,4.0
0530_3_chunk_003_word_embeddings,0.764442902,0.996231515,268,0.561070778,0.050816869,4.002059324,6.28e-05,1.0,0530_3,4.0
0255_2_chunk_004_word_embeddings,0.5262264,0.989629333,255,0.554497378,0.052709468,-0.536354833,0.591713341,0.318,0255_2,
1314_2_chunk_002_word_embeddings,0.520462956,0.971537792,235,0.548480858,0.053625443,-0.522474045,0.601340313,0.302,1314_2,2.0
0068_3_chunk_002_word_embeddings,0.561448214,0.979951936,225,0.559067761,0.056727593,0.041962879,0.96652829,0.532,0068_3,4.0
0312_3_chunk_004_word_embeddings,0.502377788,0.973144336,107,0.579529659,0.081650149,-0.944907897,0.3447059,0.158,0312_3,2.0
1253_2_chunk_003_word_embeddings,0.629139076,0.992013485,376,0.549661093,0.045401848,1.750545094,0.0800243,0.958,1253_2,4.0
0963_3_chunk_001_word_embeddings,0.611827672,0.98904994,478,0.542649703,0.041573435,1.66399453,0.096113523,0.944,0963_3,1.0
0571_3_chunk_004_word_embeddings,0.555238726,0.977762467,242,0.550608825,0.049344238,0.093828607,0.925245307,0.538,0571_3,1.0
0427_2_chunk_003_word_embeddings,0.547861416,0.994818143,175,0.575681721,0.059297798,-0.469162531,0.638953466,0.33,0427_2,2.0
0290_3_chunk_003_word_embeddings,0.663918668,0.990135735,238,0.564461457,0.056733844,1.753049034,0.079593591,0.962,0290_3,2.0
1437_1_chunk_001_word_embeddings,0.685731376,0.986749375,193,0.560499772,0.061362903,2.040835708,0.04126716,0.974,1437_1,4.0
0516_3_chunk_002_word_embeddings,0.565898136,0.989933674,243,0.559125872,0.057194959,0.118406648,0.905745458,0.55,0516_3,1.0
1397_1_chunk_002_word_embeddings,0.465117611,0.9746998,256,0.554795845,0.052753699,-1.699942097,0.089141818,0.046,1397_1,2.0
0568_2_chunk_003_word_embeddings,0.635294286,0.987660009,222,0.566723235,0.060186336,1.139312605,0.254572793,0.86,0568_2,4.0
1382_1_chunk_001_word_embeddings,0.790465713,0.98040603,107,0.615169899,0.079510839,2.204678208,0.027476683,0.982,1382_1,4.0
0572_3_chunk_003_word_embeddings,0.800775868,0.973592622,120,0.595777539,0.078061399,2.626116525,0.008636525,0.998,0572_3,2.0
0690_2_chunk_003_word_embeddings,0.570320164,0.995020923,383,0.54732176,0.04455452,0.516185635,0.605724762,0.694,0690_2,1.0
1388_1_chunk_001_word_embeddings,0.675257068,0.98233184,110,0.601008742,0.078972364,0.940181118,0.347124666,0.83,1388_1,1.0
0343_3_chunk_002_word_embeddings,0.584280569,0.978422722,230,0.569332267,0.054930119,0.272133084,0.785519692,0.618,0343_3,4.0
0629_3_chunk_004_word_embeddings,0.647166133,0.976909265,175,0.579741164,0.061049071,1.104438901,0.269402794,0.864,0629_3,2.0
1248_2_chunk_003_word_embeddings,0.752004324,0.987007776,117,0.601996331,0.072855252,2.058986695,0.039495513,0.98,1248_2,1.0
1312_2_chunk_001_word_embeddings,0.709412611,0.988799832,280,0.560536658,0.048708164,3.056488715,0.002239459,1.0,1312_2,1.0
0461_3_chunk_002_word_embeddings,0.61454625,0.993284659,306,0.549392237,0.054248063,1.201038524,0.229736258,0.874,0461_3,2.0
1402_1_chunk_001_word_embeddings,0.619811056,0.994860348,349,0.551281709,0.043270319,1.583749535,0.113250727,0.942,1402_1,1.0
1389_1_chunk_004_word_embeddings,0.60684994,0.968933535,100,0.632452813,0.081352097,-0.314716818,0.752976674,0.396,1389_1,4.0
0963_3_chunk_002_word_embeddings,0.572012376,0.994160978,490,0.538287279,0.040284936,0.837163977,0.402500403,0.8,0963_3,1.0
1388_1_chunk_004_word_embeddings,0.656414653,0.989211996,326,0.552353472,0.045211192,2.301668603,0.021353868,0.99,1388_1,1.0
0690_2_chunk_002_word_embeddings,0.587618335,0.989845396,333,0.558976655,0.044483896,0.643866259,0.519662163,0.748,0690_2,1.0
1378_2_chunk_002_word_embeddings,0.622779519,0.990815231,218,0.562709065,0.058009222,1.035532837,0.300420139,0.844,1378_2,4.0
0292_2_chunk_002_word_embeddings,0.576836646,0.993777186,833,0.536516413,0.032158954,1.253779384,0.209922205,0.886,0292_2,1.0
0505_3_chunk_001_word_embeddings,0.528614057,0.976319252,295,0.550759975,0.050140089,-0.441680871,0.658720154,0.338,0505_3,1.0
0629_3_chunk_002_word_embeddings,0.636176836,0.989942921,132,0.581020798,0.072299573,0.762881928,0.445533815,0.79,0629_3,2.0
1453-1_chunk_003_word_embeddings,0.624140597,0.978439753,193,0.568772844,0.061516652,0.900044973,0.368096318,0.814,,
0438_3_chunk_002_word_embeddings,0.712593464,0.981465713,115,0.615083678,0.073386355,1.3287182,0.183940958,0.916,0438_3,2.0
0564_3_chunk_002_word_embeddings,0.644288731,0.98733479,162,0.578334991,0.06289581,1.04861899,0.294353512,0.854,0564_3,1.0
0427_2_chunk_005_word_embeddings,0.653714914,0.977683505,100,0.58805099,0.087229393,0.752772917,0.451586384,0.77,0427_2,2.0
0446_3_chunk_002_word_embeddings,0.582657679,0.972128199,123,0.577829842,0.076876131,0.062800198,0.949925608,0.554,0446_3,2.0
0277_3_chunk_005_word_embeddings,0.611116775,0.986759647,209,0.588626625,0.055528152,0.405022489,0.685460981,0.68,0277_3,2.0
0941_3_chunk_003_word_embeddings,0.656551435,0.987560521,181,0.563671498,0.062716883,1.480939957,0.138622574,0.926,0941_3,4.0
1411_1_chunk_007_word_embeddings,0.641841734,0.994638362,527,0.541566716,0.039864764,2.515379713,0.011890424,1.0,1411_1,4.0
1350_2_chunk_002_word_embeddings,0.654210098,0.986925145,273,0.552491812,0.051599525,1.971302755,0.048689256,0.976,1350_2,4.0
0353_3_chunk_003_word_embeddings,0.761750972,0.978929233,109,0.605765177,0.07355224,2.120748399,0.033942981,0.976,0353_3,4.0
1358_2_chunk_003_word_embeddings,0.748701154,0.996367043,224,0.560687763,0.052018482,3.614357522,0.000301093,1.0,1358_2,4.0
0516_3_chunk_001_word_embeddings,0.630211351,0.9853889,199,0.55844867,0.057889033,1.239659343,0.215101421,0.892,0516_3,1.0
1305_2_chunk_003_word_embeddings,0.513177315,0.988378689,365,0.547903894,0.046170203,-0.752142633,0.451965288,0.242,1305_2,4.0
0867_3_chunk_002_word_embeddings,0.620441929,0.992441521,284,0.552158706,0.05114926,1.334979676,0.181882998,0.906,0867_3,1.0
1451_1_chunk_001_word_embeddings,0.786793939,0.984087298,145,0.578153621,0.068868005,3.029568184,0.002449036,0.998,1451_1,4.0
0900_3_chunk_001_word_embeddings,0.662039897,0.984153252,273,0.550478759,0.048854859,2.283521827,0.022399649,0.984,0900_3,2.0
1438-1_chunk_001_word_embeddings,0.66372002,0.977037933,110,0.576279785,0.081726128,1.069917744,0.284656335,0.848,,
0816_3_chunk_003_word_embeddings,0.636905516,0.99117332,460,0.544601912,0.041165737,2.242243484,0.02494564,0.992,0816_3,1.0
1350_2_chunk_001_word_embeddings,1.043650819,0.989439316,109,0.606018641,0.079378937,5.513202773,3.52e-08,1.0,1350_2,4.0
1248_2_chunk_001_word_embeddings,0.679192226,0.994785294,206,0.568806291,0.055935077,1.973465318,0.048442572,0.976,1248_2,1.0
1253_2_chunk_005_word_embeddings,0.799241624,0.983446452,131,0.70571301,0.065600082,1.425739296,0.153943609,0.932,1253_2,4.0
1439_1_chunk_003_word_embeddings,0.639019278,0.988723173,157,0.57530616,0.065941001,0.966213985,0.333937116,0.836,1439_1,4.0
1305_2_chunk_005_word_embeddings,0.602112918,0.996405242,322,0.560080321,0.044336457,0.948036899,0.34311067,0.816,1305_2,4.0
1314_2_chunk_003_word_embeddings,0.615265163,0.993620966,277,0.547606286,0.050040046,1.352094618,0.176345049,0.908,1314_2,2.0
0708_2_chunk_002_word_embeddings,0.546340841,0.986241488,307,0.55112715,0.050458834,-0.094855711,0.924429435,0.486,0708_2,4.0
1253_2_chunk_002_word_embeddings,0.646324856,0.994218503,314,0.55249491,0.047315843,1.983055566,0.047361223,0.968,1253_2,4.0
0608_3_chunk_001_word_embeddings,0.62336331,0.989990989,193,0.56617605,0.058713488,0.9740055,0.330053809,0.826,0608_3,1.0
0029_3_chunk_002_word_embeddings,0.61151139,0.99612465,367,0.544421136,0.044345717,1.51289142,0.130307242,0.926,0029_3,2.0
1378_2_chunk_001_word_embeddings,0.592001052,0.976674605,210,0.565454258,0.058732835,0.451992383,0.651274469,0.67,1378_2,4.0
1079_2_chunk_003_word_embeddings,0.649756897,0.989832451,251,0.558379114,0.052721379,1.733220664,0.083056456,0.968,1079_2,1.0
0289_3_chunk_004_word_embeddings,0.657756851,0.993975604,456,0.551614023,0.04109157,2.583080359,0.009792251,1.0,0289_3,2.0
0900_3_chunk_003_word_embeddings,0.550437889,0.98106057,278,0.55557671,0.049866625,-0.103051316,0.917922244,0.45,0900_3,2.0
1051_3_chunk_002_word_embeddings,0.496626939,0.977636989,263,0.551069649,0.050342613,-1.081443851,0.279499724,0.14,1051_3,2.0
0963_3_chunk_003_word_embeddings,0.606896279,0.991675542,445,0.543581972,0.041168239,1.5379406,0.124063139,0.944,0963_3,1.0
1411_1_chunk_006_word_embeddings,0.571697309,0.989281615,463,0.540557377,0.039300823,0.792348094,0.428157736,0.77,1411_1,4.0
1453-1_chunk_001_word_embeddings,0.577998142,0.980740382,137,0.577615177,0.070635275,0.005421722,0.995674113,0.528,,
0572_3_chunk_001_word_embeddings,0.525109854,0.950786959,112,0.583952635,0.082155933,-0.716232884,0.473847561,0.242,0572_3,2.0
0139_3_chunk_002_word_embeddings,0.686703244,0.972731069,110,0.589618469,0.077850354,1.247069159,0.21237214,0.884,0139_3,2.0
